<?xml version="1.0" encoding="UTF-8"?>
<rss version="2.0" xmlns:atom="http://www.w3.org/2005/Atom">
  <channel>
    <title>Back-of-the-Envelope Climate Change</title>
    <description>Web Page of the Book by Marco Cosentino Lagomarsino.</description>
    <link>http://localhost:4000/boe/</link>
    <atom:link href="http://localhost:4000/boe/feed/index.xml" rel="self" type="application/rss+xml"/>
    <pubDate>Tue, 27 Sep 2022 19:24:04 +0200</pubDate>
    <lastBuildDate>Tue, 27 Sep 2022 19:24:04 +0200</lastBuildDate>
    <generator>Jekyll v4.2.2</generator>
    
  </channel>
</rss>
